{
  "simplemagnets:recipes/search/advanced_demagnetization_coil": {
    "criteria": {
      "basis": "2022-11-04 02:47:51 +0000"
    },
    "done": true
  },
  "incendium:technical/on_block": {
    "criteria": {
      "log_spam_fixer": "2022-11-04 02:59:41 +0000"
    },
    "done": false
  },
  "comforts:hammock_white": {
    "criteria": {
      "has_the_recipe": "2022-11-04 02:47:51 +0000"
    },
    "done": true
  },
  "comforts:hammock_cyan_from_white": {
    "criteria": {
      "has_the_recipe": "2022-11-04 02:47:51 +0000"
    },
    "done": true
  },
  "comforts:hammock_black": {
    "criteria": {
      "has_the_recipe": "2022-11-04 02:47:51 +0000"
    },
    "done": true
  },
  "itemcollectors:recipes/search/basic_collector": {
    "criteria": {
      "ender_pearl": "2022-11-04 02:47:51 +0000"
    },
    "done": true
  },
  "comforts:sleeping_bag_green_from_white": {
    "criteria": {
      "has_the_recipe": "2022-11-04 02:47:51 +0000"
    },
    "done": true
  },
  "mcwfences:recipes/deepslate": {
    "criteria": {
      "has_deepslate": "2022-11-04 02:47:51 +0000"
    },
    "done": true
  },
  "mcwroofs:recipes/terracotta": {
    "criteria": {
      "has_planks": "2022-11-04 02:47:51 +0000"
    },
    "done": true
  },
  "naturescompass:natures_compass": {
    "criteria": {
      "has_compass": "2022-11-04 02:47:51 +0000"
    },
    "done": true
  },
  "tconstruct:tools/materials_and_you": {
    "criteria": {
      "crafted_book": "2022-11-04 02:47:51 +0000"
    },
    "done": true
  },
  "tconstruct:internal/starting_book": {
    "criteria": {
      "tick": "2022-11-04 02:47:51 +0000"
    },
    "done": true
  },
  "comforts:sleeping_bag_lime_from_white": {
    "criteria": {
      "has_the_recipe": "2022-11-04 02:47:51 +0000"
    },
    "done": true
  },
  "itemcollectors:recipes/search/advanced_collector": {
    "criteria": {
      "basic_collector": "2022-11-04 02:47:51 +0000"
    },
    "done": true
  },
  "mcwroofs:recipes/stone": {
    "criteria": {
      "has_planks": "2022-11-04 02:47:51 +0000"
    },
    "done": true
  },
  "comforts:sleeping_bag_black_from_white": {
    "criteria": {
      "has_the_recipe": "2022-11-04 02:47:51 +0000"
    },
    "done": true
  },
  "mcwroofs:recipes/jungle": {
    "criteria": {
      "has_planks": "2022-11-04 02:47:51 +0000"
    },
    "done": true
  },
  "mcwfences:recipes/sandstone": {
    "criteria": {
      "has_sand": "2022-11-04 02:47:51 +0000"
    },
    "done": true
  },
  "comforts:hammock_light_blue_from_white": {
    "criteria": {
      "has_the_recipe": "2022-11-04 02:47:51 +0000"
    },
    "done": true
  },
  "mcwroofs:recipes/gutters": {
    "criteria": {
      "has_planks": "2022-11-04 02:47:51 +0000"
    },
    "done": true
  },
  "mcwroofs:recipes/birch_planks": {
    "criteria": {
      "has_planks": "2022-11-04 02:47:51 +0000"
    },
    "done": true
  },
  "mcwroofs:recipes/oak": {
    "criteria": {
      "has_planks": "2022-11-04 02:47:51 +0000"
    },
    "done": true
  },
  "incendium:technical/inventory/sentrys_wrath": {
    "criteria": {
      "log_spam_fixer": "2022-11-04 02:59:41 +0000"
    },
    "done": false
  },
  "mcwroofs:recipes/cobblestone": {
    "criteria": {
      "has_planks": "2022-11-04 02:47:51 +0000"
    },
    "done": true
  },
  "comforts:hammock_red_from_white": {
    "criteria": {
      "has_the_recipe": "2022-11-04 02:47:51 +0000"
    },
    "done": true
  },
  "trashcans:recipes/search/energy_trash_can": {
    "criteria": {
      "redstone": "2022-11-04 02:47:51 +0000"
    },
    "done": true
  },
  "comforts:hammock_yellow": {
    "criteria": {
      "has_the_recipe": "2022-11-04 02:47:51 +0000"
    },
    "done": true
  },
  "mcwfences:recipes/stone": {
    "criteria": {
      "has_stone": "2022-11-04 02:47:51 +0000"
    },
    "done": true
  },
  "mcwroofs:recipes/dark_oak": {
    "criteria": {
      "has_planks": "2022-11-04 02:47:51 +0000"
    },
    "done": true
  },
  "mcwfences:recipes/warped": {
    "criteria": {
      "has_warped": "2022-11-04 02:47:51 +0000"
    },
    "done": true
  },
  "comforts:hammock_cyan": {
    "criteria": {
      "has_the_recipe": "2022-11-04 02:47:51 +0000"
    },
    "done": true
  },
  "mcwroofs:recipes/spruce": {
    "criteria": {
      "has_planks": "2022-11-04 02:47:51 +0000"
    },
    "done": true
  },
  "lootr:1chest": {
    "criteria": {
      "opened_chest": "2022-11-04 02:50:32 +0000"
    },
    "done": true
  },
  "comforts:hammock_pink_from_white": {
    "criteria": {
      "has_the_recipe": "2022-11-04 02:47:51 +0000"
    },
    "done": true
  },
  "netherelytra:recipes/netherite_membrane": {
    "criteria": {
      "has_elytra": "2022-11-04 02:47:51 +0000"
    },
    "done": true
  },
  "trashcans:recipes/search/item_trash_can": {
    "criteria": {
      "chest": "2022-11-04 02:47:51 +0000"
    },
    "done": true
  },
  "comforts:sleeping_bag_purple_from_white": {
    "criteria": {
      "has_the_recipe": "2022-11-04 02:47:51 +0000"
    },
    "done": true
  },
  "mcwfences:recipes/jungle": {
    "criteria": {
      "has_jungle": "2022-11-04 02:47:51 +0000"
    },
    "done": true
  },
  "mcwroofs:recipes/warped": {
    "criteria": {
      "has_planks": "2022-11-04 02:47:51 +0000"
    },
    "done": true
  },
  "mcwroofs:recipes/oak_planks": {
    "criteria": {
      "has_planks": "2022-11-04 02:47:51 +0000"
    },
    "done": true
  },
  "comforts:hammock_light_gray": {
    "criteria": {
      "has_the_recipe": "2022-11-04 02:47:51 +0000"
    },
    "done": true
  },
  "mcwfences:recipes/spruce": {
    "criteria": {
      "has_spruce": "2022-11-04 02:47:51 +0000"
    },
    "done": true
  },
  "mcwfences:recipes/oak": {
    "criteria": {
      "has_oak": "2022-11-04 02:47:51 +0000"
    },
    "done": true
  },
  "mcwfences:recipes/end": {
    "criteria": {
      "has_end_brick": "2022-11-04 02:47:51 +0000"
    },
    "done": true
  },
  "comforts:hammock_purple": {
    "criteria": {
      "has_the_recipe": "2022-11-04 02:47:51 +0000"
    },
    "done": true
  },
  "minecraft:husbandry/balanced_diet": {
    "criteria": {
      "bread": "2022-11-04 02:52:47 +0000"
    },
    "done": false
  },
  "mcwfences:recipes/birch": {
    "criteria": {
      "has_birch": "2022-11-04 02:47:51 +0000"
    },
    "done": true
  },
  "comforts:sleeping_bag_orange_from_white": {
    "criteria": {
      "has_the_recipe": "2022-11-04 02:47:51 +0000"
    },
    "done": true
  },
  "comforts:hammock_yellow_from_white": {
    "criteria": {
      "has_the_recipe": "2022-11-04 02:47:51 +0000"
    },
    "done": true
  },
  "mcwroofs:recipes/jungle_planks": {
    "criteria": {
      "has_planks": "2022-11-04 02:47:51 +0000"
    },
    "done": true
  },
  "comforts:sleeping_bag_blue_from_white": {
    "criteria": {
      "has_the_recipe": "2022-11-04 02:47:51 +0000"
    },
    "done": true
  },
  "comforts:hammock_lime": {
    "criteria": {
      "has_the_recipe": "2022-11-04 02:47:51 +0000"
    },
    "done": true
  },
  "comforts:sleeping_bag_brown_from_white": {
    "criteria": {
      "has_the_recipe": "2022-11-04 02:47:51 +0000"
    },
    "done": true
  },
  "comforts:hammock_light_gray_from_white": {
    "criteria": {
      "has_the_recipe": "2022-11-04 02:47:51 +0000"
    },
    "done": true
  },
  "mcwroofs:recipes/crimson": {
    "criteria": {
      "has_planks": "2022-11-04 02:47:51 +0000"
    },
    "done": true
  },
  "naturescompass:natures_compass_sapling": {
    "criteria": {
      "has_recipe": "2022-11-04 02:47:51 +0000"
    },
    "done": true
  },
  "integrateddynamics:root": {
    "criteria": {
      "criteria_0": "2022-11-04 02:48:24 +0000"
    },
    "done": true
  },
  "comforts:sleeping_bag_light_blue_from_white": {
    "criteria": {
      "has_the_recipe": "2022-11-04 02:47:51 +0000"
    },
    "done": true
  },
  "mcwroofs:recipes/crimson_planks": {
    "criteria": {
      "has_planks": "2022-11-04 02:47:51 +0000"
    },
    "done": true
  },
  "mcwroofs:recipes/dark_oak_planks": {
    "criteria": {
      "has_planks": "2022-11-04 02:47:51 +0000"
    },
    "done": true
  },
  "comforts:hammock_light_blue": {
    "criteria": {
      "has_the_recipe": "2022-11-04 02:47:51 +0000"
    },
    "done": true
  },
  "incendium:technical/using/shield": {
    "criteria": {
      "log_spam_fixer": "2022-11-04 02:47:51 +0000"
    },
    "done": false
  },
  "comforts:rope_and_nail": {
    "criteria": {
      "has_the_recipe": "2022-11-04 02:47:51 +0000"
    },
    "done": true
  },
  "mcwroofs:recipes/birch": {
    "criteria": {
      "has_planks": "2022-11-04 02:47:51 +0000"
    },
    "done": true
  },
  "comforts:hammock_magenta": {
    "criteria": {
      "has_the_recipe": "2022-11-04 02:47:51 +0000"
    },
    "done": true
  },
  "trashcans:recipes/search/ultimate_trash_can": {
    "criteria": {
      "cans": "2022-11-04 02:47:51 +0000"
    },
    "done": true
  },
  "betterdungeons:root": {
    "criteria": {
      "always": "2022-11-04 02:47:51 +0000"
    },
    "done": true
  },
  "incendium:technical/using/trailblazer": {
    "criteria": {
      "log_spam_fixer": "2022-11-04 02:47:51 +0000"
    },
    "done": false
  },
  "comforts:sleeping_bag_red_from_white": {
    "criteria": {
      "has_the_recipe": "2022-11-04 02:47:51 +0000"
    },
    "done": true
  },
  "minecraft:adventure/kill_a_mob": {
    "criteria": {
      "minecraft:pillager": "2022-11-04 02:56:18 +0000"
    },
    "done": true
  },
  "lootr:root": {
    "criteria": {
      "always_true": "2022-11-04 02:47:51 +0000"
    },
    "done": true
  },
  "simplemagnets:recipes/search/advanced_magnet": {
    "criteria": {
      "magnet": "2022-11-04 02:47:51 +0000"
    },
    "done": true
  },
  "incendium:technical/scroll_of_returning": {
    "criteria": {
      "log_spam_fixer": "2022-11-04 02:47:51 +0000"
    },
    "done": false
  },
  "incendium:technical/multiplex_crossbow": {
    "criteria": {
      "log_spam_fixer": "2022-11-04 02:59:41 +0000"
    },
    "done": false
  },
  "comforts:sleeping_bag_magenta_from_white": {
    "criteria": {
      "has_the_recipe": "2022-11-04 02:47:51 +0000"
    },
    "done": true
  },
  "comforts:hammock_magenta_from_white": {
    "criteria": {
      "has_the_recipe": "2022-11-04 02:47:51 +0000"
    },
    "done": true
  },
  "comforts:hammock_brown_from_white": {
    "criteria": {
      "has_the_recipe": "2022-11-04 02:47:51 +0000"
    },
    "done": true
  },
  "mcwfences:recipes/blackstone": {
    "criteria": {
      "has_blackstone": "2022-11-04 02:47:51 +0000"
    },
    "done": true
  },
  "minecraft:adventure/ol_betsy": {
    "criteria": {
      "shot_crossbow": "2022-11-04 02:56:11 +0000"
    },
    "done": true
  },
  "incendium:technical/firestorm": {
    "criteria": {
      "log_spam_fixer": "2022-11-04 02:59:41 +0000"
    },
    "done": false
  },
  "mcwroofs:recipes/acacia": {
    "criteria": {
      "has_planks": "2022-11-04 02:47:51 +0000"
    },
    "done": true
  },
  "minecraft:adventure/adventuring_time": {
    "criteria": {
      "minecraft:river": "2022-11-04 02:55:24 +0000",
      "minecraft:forest": "2022-11-04 02:47:51 +0000",
      "minecraft:plains": "2022-11-04 02:50:17 +0000"
    },
    "done": false
  },
  "comforts:hammock_blue_from_white": {
    "criteria": {
      "has_the_recipe": "2022-11-04 02:47:51 +0000"
    },
    "done": true
  },
  "minecraft:adventure/sleep_in_bed": {
    "criteria": {
      "slept_in_bed": "2022-11-04 02:53:06 +0000"
    },
    "done": true
  },
  "comforts:sleeping_bag_gray_from_white": {
    "criteria": {
      "has_the_recipe": "2022-11-04 02:47:51 +0000"
    },
    "done": true
  },
  "incendium:technical/using/ragnarok": {
    "criteria": {
      "log_spam_fixer": "2022-11-04 02:47:51 +0000"
    },
    "done": false
  },
  "simplemagnets:recipes/search/basic_magnet": {
    "criteria": {
      "iron": "2022-11-04 02:47:51 +0000"
    },
    "done": true
  },
  "minecraft:husbandry/root": {
    "criteria": {
      "consumed_item": "2022-11-04 02:52:47 +0000"
    },
    "done": true
  },
  "mcwfences:recipes/nether": {
    "criteria": {
      "has_nether_brick": "2022-11-04 02:47:51 +0000"
    },
    "done": true
  },
  "mcwroofs:recipes/acacia_planks": {
    "criteria": {
      "has_planks": "2022-11-04 02:47:51 +0000"
    },
    "done": true
  },
  "lootr:10loot": {
    "criteria": {
      "loot_stat": "2022-11-04 02:54:42 +0000"
    },
    "done": true
  },
  "simplemagnets:recipes/search/basic_demagnetization_coil": {
    "criteria": {
      "iron": "2022-11-04 02:47:51 +0000"
    },
    "done": true
  },
  "incendium:technical/new_player": {
    "criteria": {
      "requirement": "2022-11-04 02:47:51 +0000"
    },
    "done": true
  },
  "trashcans:recipes/search/liquid_trash_can": {
    "criteria": {
      "bucket": "2022-11-04 02:47:51 +0000"
    },
    "done": true
  },
  "comforts:hammock_purple_from_white": {
    "criteria": {
      "has_the_recipe": "2022-11-04 02:47:51 +0000"
    },
    "done": true
  },
  "mcwfences:recipes/crimson": {
    "criteria": {
      "has_crimson": "2022-11-04 02:47:51 +0000"
    },
    "done": true
  },
  "incendium:technical/holy_wrath": {
    "criteria": {
      "log_spam_fixer": "2022-11-04 02:59:41 +0000"
    },
    "done": false
  },
  "mcwroofs:recipes/concrete": {
    "criteria": {
      "has_planks": "2022-11-04 02:47:51 +0000"
    },
    "done": true
  },
  "incendium:technical/inventory/firestorm": {
    "criteria": {
      "log_spam_fixer": "2022-11-04 02:59:41 +0000"
    },
    "done": false
  },
  "minecraft:adventure/root": {
    "criteria": {
      "killed_something": "2022-11-04 02:56:18 +0000"
    },
    "done": true
  },
  "mcwfences:recipes/bamboo": {
    "criteria": {
      "has_bamboo": "2022-11-04 02:47:51 +0000"
    },
    "done": true
  },
  "minecraft:adventure/shoot_arrow": {
    "criteria": {
      "shot_arrow": "2022-11-04 02:56:11 +0000"
    },
    "done": true
  },
  "comforts:sleeping_bag_pink_from_white": {
    "criteria": {
      "has_the_recipe": "2022-11-04 02:47:51 +0000"
    },
    "done": true
  },
  "comforts:hammock_red": {
    "criteria": {
      "has_the_recipe": "2022-11-04 02:47:51 +0000"
    },
    "done": true
  },
  "lootr:social": {
    "criteria": {
      "opened_barrel": "2022-11-04 02:51:01 +0000",
      "opened_chest": "2022-11-04 02:50:32 +0000"
    },
    "done": false
  },
  "mcwfences:recipes/acacia": {
    "criteria": {
      "has_acacia": "2022-11-04 02:47:51 +0000"
    },
    "done": true
  },
  "farmersdelight:main/root": {
    "criteria": {
      "seeds": "2022-11-04 02:47:51 +0000"
    },
    "done": true
  },
  "comforts:hammock_black_from_white": {
    "criteria": {
      "has_the_recipe": "2022-11-04 02:47:51 +0000"
    },
    "done": true
  },
  "mcwroofs:recipes/spruce_planks": {
    "criteria": {
      "has_planks": "2022-11-04 02:47:51 +0000"
    },
    "done": true
  },
  "comforts:sleeping_bag_yellow_from_white": {
    "criteria": {
      "has_the_recipe": "2022-11-04 02:47:51 +0000"
    },
    "done": true
  },
  "incendium:technical/on_kill": {
    "criteria": {
      "log_spam_fixer": "2022-11-04 02:59:41 +0000"
    },
    "done": false
  },
  "comforts:hammock_gray_from_white": {
    "criteria": {
      "has_the_recipe": "2022-11-04 02:47:51 +0000"
    },
    "done": true
  },
  "mcwroofs:recipes/andesite": {
    "criteria": {
      "has_planks": "2022-11-04 02:47:51 +0000"
    },
    "done": true
  },
  "incendium:technical/on_player_hurt": {
    "criteria": {
      "log_spam_fixer": "2022-11-04 02:59:41 +0000"
    },
    "done": false
  },
  "minecraft:adventure/kill_all_mobs": {
    "criteria": {
      "minecraft:pillager": "2022-11-04 02:56:18 +0000"
    },
    "done": false
  },
  "mcwfences:recipes/quartz": {
    "criteria": {
      "has_qq": "2022-11-04 02:47:51 +0000"
    },
    "done": true
  },
  "incendium:technical/sentrys_wrath": {
    "criteria": {
      "log_spam_fixer": "2022-11-04 02:59:41 +0000"
    },
    "done": false
  },
  "minecraft:adventure/whos_the_pillager_now": {
    "criteria": {
      "kill_pillager": "2022-11-04 02:56:18 +0000"
    },
    "done": true
  },
  "mcwroofs:recipes/bricks": {
    "criteria": {
      "has_planks": "2022-11-04 02:47:51 +0000"
    },
    "done": true
  },
  "comforts:hammock_green_from_white": {
    "criteria": {
      "has_the_recipe": "2022-11-04 02:47:51 +0000"
    },
    "done": true
  },
  "comforts:hammock_orange": {
    "criteria": {
      "has_the_recipe": "2022-11-04 02:47:51 +0000"
    },
    "done": true
  },
  "comforts:hammock_lime_from_white": {
    "criteria": {
      "has_the_recipe": "2022-11-04 02:47:51 +0000"
    },
    "done": true
  },
  "mcwfences:recipes/dark_oak": {
    "criteria": {
      "has_dark_oak": "2022-11-04 02:47:51 +0000"
    },
    "done": true
  },
  "comforts:hammock_pink": {
    "criteria": {
      "has_the_recipe": "2022-11-04 02:47:51 +0000"
    },
    "done": true
  },
  "comforts:hammock_orange_from_white": {
    "criteria": {
      "has_the_recipe": "2022-11-04 02:47:51 +0000"
    },
    "done": true
  },
  "mcwroofs:recipes/granite": {
    "criteria": {
      "has_planks": "2022-11-04 02:47:51 +0000"
    },
    "done": true
  },
  "mcwroofs:recipes/warped_planks": {
    "criteria": {
      "has_planks": "2022-11-04 02:47:51 +0000"
    },
    "done": true
  },
  "comforts:sleeping_bag_cyan_from_white": {
    "criteria": {
      "has_the_recipe": "2022-11-04 02:47:51 +0000"
    },
    "done": true
  },
  "comforts:sleeping_bag_light_gray_from_white": {
    "criteria": {
      "has_the_recipe": "2022-11-04 02:47:51 +0000"
    },
    "done": true
  },
  "create:root": {
    "criteria": {
      "0": "2022-11-04 02:47:51 +0000"
    },
    "done": true
  },
  "nasty:adventure/arrow_hit": {
    "criteria": {
      "projectile": "2022-11-04 02:56:13 +0000"
    },
    "done": true
  },
  "netherelytra:recipes/netherite_elytra": {
    "criteria": {
      "has_elytra": "2022-11-04 02:47:51 +0000"
    },
    "done": true
  },
  "naturescompass:natures_compass_log": {
    "criteria": {
      "has_recipe": "2022-11-04 02:47:51 +0000"
    },
    "done": true
  },
  "mcwroofs:recipes/awning": {
    "criteria": {
      "has_planks": "2022-11-04 02:47:51 +0000"
    },
    "done": true
  },
  "incendium:technical/feed_ghastling": {
    "criteria": {
      "log_spam_fixer": "2022-11-04 02:59:41 +0000"
    },
    "done": false
  },
  "hexcasting:grant_patchi_book": {
    "criteria": {
      "tick": "2022-11-04 02:47:51 +0000"
    },
    "done": true
  },
  "comforts:hammock_brown": {
    "criteria": {
      "has_the_recipe": "2022-11-04 02:47:51 +0000"
    },
    "done": true
  },
  "comforts:hammock_blue": {
    "criteria": {
      "has_the_recipe": "2022-11-04 02:47:51 +0000"
    },
    "done": true
  },
  "comforts:hammock_green": {
    "criteria": {
      "has_the_recipe": "2022-11-04 02:47:51 +0000"
    },
    "done": true
  },
  "comforts:hammock_gray": {
    "criteria": {
      "has_the_recipe": "2022-11-04 02:47:51 +0000"
    },
    "done": true
  },
  "mcwroofs:recipes/red_sandstone": {
    "criteria": {
      "has_planks": "2022-11-04 02:47:51 +0000"
    },
    "done": true
  },
  "mcwroofs:recipes/diorite": {
    "criteria": {
      "has_planks": "2022-11-04 02:47:51 +0000"
    },
    "done": true
  },
  "tesseract:recipes/search/tesseract": {
    "criteria": {
      "ender_pearl": "2022-11-04 02:47:51 +0000"
    },
    "done": true
  },
  "lootr:1barrel": {
    "criteria": {
      "opened_barrel": "2022-11-04 02:51:01 +0000"
    },
    "done": true
  },
  "incendium:technical/on_inventory_change": {
    "criteria": {
      "log_spam_fixer": "2022-11-04 02:59:41 +0000"
    },
    "done": false
  },
  "mcwroofs:recipes/sandstone": {
    "criteria": {
      "has_planks": "2022-11-04 02:47:51 +0000"
    },
    "done": true
  },
  "DataVersion": 2975
}