{"stats":{"minecraft:dropped":{"simpleplanes:large_plane":2,"mahoutsukai:weapon_projectile_bow":1,"thermal:bell_pepper_seeds":1,"sushigocrafting:rice_seeds":1,"minecraft:wheat_seeds":1,"thermal:peanut_seeds":1,"thermal:strawberry_seeds":1,"immersiveengineering:seed":7,"createcafe:cassava_seeds":4},"minecraft:picked_up":{"thermal:bell_pepper_seeds":1,"thermal:peanut_seeds":1,"sushigocrafting:rice_seeds":1,"immersiveengineering:seed":7,"thermal:strawberry_seeds":1,"integrateddynamics:on_the_dynamics_of_integration":1,"minecraft:wheat_seeds":1,"simpleplanes:large_plane":1,"createcafe:cassava_seeds":4},"minecraft:custom":{"minecraft:time_since_rest":27429,"minecraft:crouch_one_cm":64,"minecraft:play_time":27429,"minecraft:sprint_one_cm":3806,"minecraft:damage_taken":20,"minecraft:walk_one_cm":6916,"minecraft:sneak_time":434,"minecraft:drop":12,"minecraft:aviate_one_cm":7645,"minecraft:jump":46,"minecraft:leave_game":1,"minecraft:time_since_death":27429,"minecraft:total_world_time":27429,"minecraft:fall_one_cm":1945,"minecraft:fly_one_cm":170113},"minecraft:used":{"simpleplanes:large_plane":1,"forbidden_arcanus:arcane_golden_glass":1,"forbidden_arcanus:arcane_polished_darkstone":1}},"DataVersion":2975}