{"stats":{"minecraft:killed":{"minecraft:pillager":2},"minecraft:dropped":{"thermal:sadiroot_seeds":1,"thermal:onion_seeds":1,"thermal:tomato_seeds":1,"minecraft:stone":1,"minecraft:emerald_block":3,"minecraft:wheat_seeds":6,"constructionwand:infinity_wand":2,"thermal:amaranth_seeds":3,"sushigocrafting:cucumber_seeds":6,"minecraft:feather":4,"thermal:corn_seeds":1,"gravestone:obituary":1,"thermal:bell_pepper_seeds":1,"thermal:rice_seeds":5,"minecraft:arrow":18,"thermal:radish_seeds":4,"immersiveengineering:seed":24,"sushigocrafting:sesame_seeds":2,"thermal:green_bean_seeds":3,"sushigocrafting:soy_seeds":3,"thermal:flax_seeds":2,"createcafe:cassava_seeds":36,"minecraft:emerald":21},"minecraft:picked_up":{"thermal:bell_pepper_seeds":1,"sushigocrafting:rice_seeds":4,"integrateddynamics:on_the_dynamics_of_integration":1,"thermal:sadiroot_seeds":1,"constructionwand:infinity_wand":2,"sushigocrafting:cucumber_seeds":6,"createcafe:cassava_seeds":36,"thermal:green_bean_seeds":3,"sushigocrafting:soy_seeds":3,"thermal:onion_seeds":1,"thermal:flax_seeds":2,"minecraft:dirt":2,"thermal:rice_seeds":5,"sushigocrafting:wasabi_seeds":3,"sushigocrafting:sesame_seeds":2,"thermal:corn_seeds":1,"immersiveengineering:seed":24,"minecraft:wheat_seeds":6,"thermal:tomato_seeds":1,"thermal:radish_seeds":4,"thermal:amaranth_seeds":3},"minecraft:custom":{"minecraft:time_since_rest":636,"minecraft:interact_with_furnace":3,"lootr:looted_stat":12,"champions:champion_mobs_killed":2,"minecraft:sprint_one_cm":29061,"minecraft:damage_taken":170,"minecraft:walk_one_cm":67653,"minecraft:mob_kills":2,"minecraft:drop":24,"minecraft:use_wand":10240,"minecraft:swim_one_cm":4467,"minecraft:talked_to_villager":2,"minecraft:fly_one_cm":699252,"minecraft:crouch_one_cm":957,"minecraft:play_time":40276,"minecraft:deaths":1,"minecraft:sneak_time":2140,"minecraft:walk_under_water_one_cm":206,"minecraft:jump":296,"minecraft:leave_game":1,"minecraft:walk_on_water_one_cm":215,"minecraft:time_since_death":603,"minecraft:sleep_in_bed":1,"minecraft:climb_one_cm":1641,"minecraft:total_world_time":40276,"minecraft:fall_one_cm":7072},"minecraft:mined":{"minecraft:grass_block":2,"minecraft:oak_leaves":4},"minecraft:used":{"create:handheld_worldshaper":1,"minecraft:grass_block":10238,"minecraft:bread":2,"constructionwand:infinity_wand":5,"minecraft:farmland":2,"simpleplanes:helicopter":1,"carryon:tile_item":2,"simpleplanes:plane":2,"minecraft:dirt":2,"minecraft:crossbow":6}},"DataVersion":2975}