{"stats":{"minecraft:killed":{"minecraft:pillager":2},"minecraft:picked_up":{"integrateddynamics:on_the_dynamics_of_integration":1,"minecraft:dirt":2},"minecraft:custom":{"minecraft:time_since_rest":8154,"champions:champion_mobs_killed":2,"minecraft:play_time":14520,"minecraft:crouch_one_cm":658,"lootr:looted_stat":12,"minecraft:interact_with_furnace":3,"minecraft:sprint_one_cm":28161,"minecraft:damage_taken":170,"minecraft:walk_one_cm":62668,"minecraft:sneak_time":387,"minecraft:walk_under_water_one_cm":206,"minecraft:mob_kills":2,"minecraft:jump":242,"minecraft:use_wand":10240,"minecraft:time_since_death":14520,"minecraft:walk_on_water_one_cm":215,"minecraft:sleep_in_bed":1,"minecraft:total_world_time":14520,"minecraft:climb_one_cm":1640,"minecraft:swim_one_cm":4467,"minecraft:talked_to_villager":2,"minecraft:fall_one_cm":7072,"minecraft:fly_one_cm":76269},"minecraft:mined":{"minecraft:grass_block":2,"minecraft:oak_leaves":4},"minecraft:used":{"minecraft:farmland":2,"carryon:tile_item":2,"simpleplanes:plane":1,"minecraft:dirt":2,"constructionwand:infinity_wand":5,"minecraft:grass_block":10238,"minecraft:bread":2,"minecraft:crossbow":6}},"DataVersion":2975}